
INSERT INTO `actores` VALUES (1,'Owen Teague'),(2,'Freya Allan'),(3,'Kevin Durand'),(4,'Peter Macon'),(5,'William H. Macy');

INSERT INTO `cines` VALUES (60001,'Canek','Avenida Canek Calle 59 –A Núm. 277 C.P. 97248, Fracc Yucalpeten Mérida Yucatán'),(60002,'Galerias Merida','Calle 60 No.299 Carr. Mérida -Progreso Km. 8.5 Col. Revolución, Mérida Yucatán'),(60003,'Macroplaza Merida','Calle 33 No. 200-A y Chichi Suárez, Col. Itzimná Polígono No.108, Yucatán Mérida'),(60004,'Galerias Merida Platino','Calle 60 No.299 Carr. Mérida -Progreso Km. 8.5 Col. Revolución, Mérida Yucatán'),(60005,'Uptown Merida','Av. Correa Racho 34 x Av. Jose Vasconcelos. Col. Vista Alegre C.P. 97134, Plaza Uptown, Mérida, Yucatán'),(60006,'Itzaes','Manzana #242, Cuartel Octavo #544, calle ochenta y seis B');

INSERT INTO `clasificaciones` VALUES (40001,'S/C'),(40002,'A'),(40003,'AA'),(40004,'B'),(40005,'B15'),(40006,'C'),(40007,'D');

INSERT INTO `formatos` VALUES (70001,'Tradicional'),(70002,'Platino'),(70003,'Premium');

INSERT INTO `generos` VALUES (50001,'Acción'),(50002,'Aventura'),(50003,'Terror'),(50004,'Thriller'),(50005,'Familiar'),(50006,'Animación'),(50007,'Comedia'),(50008,'Fantasía'),(50009,'Drama'),(50010,'Romance'),(50011,'Horror'),(50012,'Musical'),(50013,'Misterio'),(50014,'Ciencia Ficción');



INSERT INTO `idiomas` VALUES ('ESP','Español'),('ING','Ingles'),('SUB','Subtitulada');
INSERT INTO `login` VALUES ('ejemplo1','1234'),('jesus','1234');

INSERT INTO `horarios` VALUES (80001,10001,'ESP',60002,70001,'20:50:00','2024-06-01'),(80002,10001,'SUB',60002,70001,'17:30:00','2024-06-01'),(80003,10003,'ESP',60001,70001,'21:45:00','2024-06-04');


INSERT INTO `peliculas` VALUES (10001,'El Planeta De Los Simios: Nuevo Reino',40001,50001,'Wes Ball','El director Wes Ball le da nueva vida a la épica \nfranquicia global situada varias generaciones en el futuro tras el reinado de César, en el que los simios son la especie dominante que vive en armonía y \nlos humanos han quedado reducidos a vivir en las sombras. Mientras un nuevo y tiránico líder simio construye su imperio, un joven simio emprende un viaje \ndesgarrador que le llevará a cuestionarse todo lo que sabe sobre el pasado y a tomar decisiones que definirán el futuro de simios y humanos por igual','Estados Unidos','02:25:00','20th Century Studios','https://statics.cinemex.com/movie_posters/BzIDekb8c6H8hp6-360x540.jpg'),(10002,'Amigos Imaginarios',40002,50005,'John Krasinski','Del escritor y director John Krasinski, Amigos Imaginarios trata sobre una niña que descubre que puede ver a los amigos imaginarios de las personas \n    –y lo que puede hacer con ese superpoder– mientras se embarca en una aventura mágica para reconectar a los AMIs olvidados con sus niños. Amigos Imaginarios está protagonizada por Ryan Reynolds, \n    John Krasinski, Cailey Fleming y Fiona Shaw junto a muchos personajes maravillosamente únicos que reflejan el increíble poder de la imaginación de un niño.','Estados Unidos','01:40:00','Warner Bros','https://statics.cinemex.com/movie_posters/5yvihy1pzOWdALw-360x540.jpg'),(10003,'Good Boy',40005,50003,'','','','01:15:00','','https://statics.cinemex.com/movie_posters/WBIDnkkjswS7D1Q-360x540.jpg'),(10004,'Hachiko: Una Historia Verdadera',40002,50009,'Xu Ang','La vida del profesor Chen Jingxiu tiene un giro inesperado cuando en su camino se cruza con un cachorro abandonado. Desde ese momento, entre Jingxiu y Hachiko, comienza a gestarse una gran amistad. Pero esta complicidad se verá en riesgo cuándo un día, mientras Hachiko lo espera en la estación del teleférico, el profesor no regresa. Lo que pondrá a prueba la fidelidad de Hachiko, pues ahora su vida se centrará en la espera de su inseparable amo.','China','02:00:00','Tulip Pictures','https://statics.cinemex.com/movie_posters/aIo8Mzkh7DJO8kI-360x540.jpg'),(10005,'Inmaculada',40006,50011,'Michael Mohan','Cecilia (Sydney Sweeney), una monja fervientemente devota, se aventura hacia un remoto convento en la campiña italiana en busca de la consagración espiritual. Sin embargo, lo que inicialmente prometía ser un encuentro espiritual se transforma en una oscura y aterradora pesadilla. A medida que explora los pasillos  y los rincones ocultos del convento, Cecilia descubre secretos siniestros y horrores indescriptibles que desafían toda lógica y razón. Pronto, se verá atrapada en una red de fuerzas malignas que acechan en las sombras, amenazando con desgarrar su alma y poner en duda su fe en la Iglesia. Cada giro del destino desentrañará más terror, sumergiendo a Cecilia en un abismo de angustia y desesperación.','Estados Unidos','01:29:00','Diamond Films','https://statics.cinemex.com/movie_posters/SoDApipR6rI640S-360x540.jpg'),(10006,'Ángeles Inesperados',40002,50009,'Jon Gunn','Basado en una extraordinaria y verídica historia, ÁNGELES INESPERADOS, centrada en Sharon (Hillary Swank), una fuerte pero luchadora estilista en un pequeño pueblo de Kentucky, que descubre un sentido de propósito renovado cuando conoce a Ed (Alan Ritchson), un viudo que trabaja para sobrevivir junto con sus dos hijas; mientras que su hija menor está esperando un trasplante de hígado, Sharon establece su mente para ayudar a la familia y moverá montañas para hacerlo. Lo que resulta será una historia inspiradora de fe, milagros diarios y de ángeles inesperados.','Estados Unidos','01:58:00','Sony Pictures','https://statics.cinemex.com/movie_posters/afEj6kN4MX0H2at-360x540.jpg'),(10007,'Sismo Magnitud 9.5',40004,50001,'Oxide Chun Pang','Un repentino terremoto sacudió todo el parque químico en el condado de Gucheng, con fugas en las tuberías que provocaron constantes explosiones. El desastre se intensifica rápidamente y si se permite que se propague, toda la ciudad pronto será arrasada. Con la tarea de apagar el incendio, un grupo de hombres conducen desde la estación de bomberos hasta el lugar y así comienza una carrera contra el tiempo para proteger y salvar vidas.','China','01:53:00','SUPRA','https://statics.cinemex.com/movie_posters/WOINBNIZZiPOZd6-360x540.jpg'),(10008,'Plan De Retiro',40005,50007,'Tim Brown','Después de meterse en problemas con un grupo de criminales, Ashley (Ashley Greene, recordada por su participación en la saga de Crepúsculo) y su hija Sarah (Thalia Campbell) buscan ayuda de su padre distanciado, Matt (Nicolas Cage, ganador del premio Oscar y Globo de Oro al mejor actor por \"Leaving Las Vegas\"). Pero la reunión familiar se convierte rápidamente en una batalla por su supervivencia cuando el jefe de la mafia, Donnie (Jackie Earle Haley, interprete del antihéroe Rorschach en la película Watchmen de Zack Snyder) , se involucra en la persecución. En medio del caos, Ashley descubre que su padre es mucho más que un simple hombre retirado; es un ex-sicario con un pasado violento que regresa a perseguirlos. Juntos deberán enfrentarse a su legado sangriento y luchar por sobrevivir.','Estados Unidos','01:43:00','Madness Entertainment','https://statics.cinemex.com/movie_posters/i26dkm5Iy37bQ69-360x540.jpg'),(10009,'Garfield - Fuera De Casa',40003,50006,'Mark Dindal','Garfield, el gato casero mundialmente famoso odia-lunes y amante de las lasañas, está por tener una aventura fuera de casa. Después de una inesperada reunión con su ausente padre – un sucio gato callejero llamado Vic – Garfield y su canino amigo Odie, son forzados a dejar su consentida vida para unirse a Vic en un divertido asalto de gran riesgo.','Estados Unidos','01:41:00','Sony Pictures','https://statics.cinemex.com/movie_posters/vw8jadnoV80sE5f-360x540.jpg');



